component,value
MP,1.92688 
FC,16.8121
F2,1736.01
CIA,174.318
FS,545.162 
F3,1194.42
O2,0.132719
FM,44.667

