Variable, Value
FC, 20
CIA, 80
F2, 200
F3, 3400
FM, 100
FS, 500
MP, 50
O2, 1.
kcia, 0.53328
kvac, 2.9997
kmit, 0.541613
k23, 0.226644
kcyt, 2.62995
kO2, 91.8291
kres, 36.363636363636363636364
kisu, 6.666
kmp, 0.0016665
